6.12323399573677e-17,1
-1,1.22464679914735e-16
-1.83697019872103e-16,-1
1,-2.44929359829471e-16
-0.0923554450222284,0.995726102788687
-0.183728428921667,0.982977041647452
-0.273640472397616,0.961832049718666
-0.361295949651164,0.932451198061144
-0.445758487365753,0.895153266732237
-0.526383860582382,0.850247041346447
-0.602654437977587,0.798002273421523
-0.673740561441693,0.738967966740259
-0.738967966740258,0.673740561441694
-0.798002273421522,0.602654437977588
-0.850247041346447,0.526383860582383
-0.895153266732236,0.445758487365754
-0.932451198061144,0.361295949651165
-0.961832049718665,0.273640472397617
-0.982977041647451,0.183728428921668
-0.995726102788687,0.0923554450222293
0.995726102788687,0.0923554450222284
0.982977041647452,0.183728428921667
0.961832049718666,0.273640472397616
0.932451198061144,0.361295949651165
0.895153266732237,0.445758487365753
0.850247041346447,0.526383860582383
0.798002273421523,0.602654437977587
0.738967966740259,0.673740561441693
0.673740561441694,0.738967966740258
0.602654437977588,0.798002273421522
0.526383860582383,0.850247041346447
0.445758487365754,0.895153266732237
0.361295949651165,0.932451198061144
0.273640472397617,0.961832049718665
0.183728428921667,0.982977041647452
0.092355445022229,0.995726102788687
0.0923554450222285,-0.995726102788687
0.183728428921667,-0.982977041647452
0.273640472397616,-0.961832049718666
0.361295949651164,-0.932451198061144
0.445758487365753,-0.895153266732237
0.526383860582382,-0.850247041346447
0.602654437977587,-0.798002273421523
0.673740561441693,-0.738967966740259
0.738967966740258,-0.673740561441694
0.798002273421522,-0.602654437977588
0.850247041346446,-0.526383860582383
0.895153266732237,-0.445758487365754
0.932451198061144,-0.361295949651166
0.961832049718665,-0.273640472397617
0.982977041647452,-0.183728428921667
0.995726102788687,-0.092355445022229
-0.995726102788687,-0.0923554450222281
-0.982977041647452,-0.183728428921667
-0.961832049718666,-0.273640472397616
-0.932451198061144,-0.361295949651164
-0.895153266732237,-0.445758487365753
-0.850247041346447,-0.526383860582382
-0.798002273421523,-0.602654437977586
-0.738967966740259,-0.673740561441693
-0.673740561441694,-0.738967966740258
-0.602654437977588,-0.798002273421522
-0.526383860582383,-0.850247041346446
-0.445758487365754,-0.895153266732237
-0.361295949651165,-0.932451198061144
-0.273640472397617,-0.961832049718665
-0.183728428921667,-0.982977041647452
-0.0923554450222289,-0.995726102788687
0.915905679128288,0.0425305690990647
0.913451633331621,-0.0419999595790999
0.902421500879222,-0.126374615123495
0.890769131747466,-0.209540337819193
0.867187286534882,-0.292518323284901
0.834321917756076,-0.372184372665743
0.795189346329092,-0.444793322379244
0.752407543398228,-0.517748127724003
0.700628363610586,-0.583290257585336
0.640184155883348,-0.643393464441369
0.578533563468662,-0.70021998205727
0.512912116009223,-0.748530057979794
0.442299521480995,-0.794540095486419
0.367775421610161,-0.834553099937153
0.288768474019949,-0.86414407297018
0.207797656060215,-0.886985575450218
0.124843903676567,-0.902417571247413
0.0405673763333688,-0.913147122245244
-0.0459910298051829,-0.911562923568575
-0.12923357083648,-0.905028990040626
-0.210436787937991,-0.890939457788302
-0.290825441393964,-0.86626469235208
-0.370667672705103,-0.837779719576024
-0.446834070791414,-0.801158448247082
-0.518051726600333,-0.75600873396207
-0.584700012466206,-0.705043494347726
-0.6448638357208,-0.646253919841007
-0.704375298334387,-0.585284177714729
-0.755286038100774,-0.518017937339157
-0.801158448247082,-0.446834070791413
-0.835398243128056,-0.369080270287765
-0.864155570171162,-0.288976407881577
-0.8867718316887,-0.206939407500257
-0.903548305230511,-0.124672601997093
-0.910533285678894,-0.0396388311509328
-0.90734722447836,0.0481579107053053
-0.904188009169321,0.129275767750884
-0.890939456928935,0.210436688976831
-0.863923378577311,0.291008104174501
-0.837183050490799,0.371037895422527
-0.801158448247082,0.446834070791413
-0.755767490190002,0.516700358385419
-0.704146836909854,0.584476462945489
-0.64688539352437,0.645006072544989
-0.585389268452697,0.704358785406803
-0.518065711065938,0.755645904101763
-0.446834070791413,0.801158448247082
-0.371983486314059,0.836076292413226
-0.291447085551113,0.870537279916811
-0.208839247200988,0.891122297789587
-0.12647552247343,0.908501732046459
-0.0424571075204792,0.915873287674836
0.0417138348599678,0.912986969658153
0.126370261297429,0.902421780038594
0.209536777278065,0.890769115339742
0.292246791379048,0.867980021042849
0.37200243286796,0.836258030749369
0.446785735648341,0.797678377797494
0.517923950524732,0.752665053342702
0.583187013119078,0.700373255235831
0.644709054570867,0.644362700299308
0.698004188431609,0.579180733049882
0.747868374649211,0.513110085135631
0.79435370555623,0.442429450156301
0.835956488702696,0.368957150052663
0.868612040525782,0.291445505787659
0.891886474614726,0.209988621393055
0.906995298300965,0.126944881065416
0.83125813663584,0.0793488553435129
0.834383470639325,0.00394923444920378
0.828477757375285,-0.0797165884547298
0.818267946257736,-0.154039547855843
0.80477187855515,-0.228914532214331
0.775254258711374,-0.308686929394397
0.743516769419806,-0.376786869619134
0.705868118332205,-0.443082524125257
0.660791092880076,-0.50335101931031
0.613519647853404,-0.56371177531816
0.55784588826792,-0.61381682558188
0.4935204091238,-0.65808419108414
0.43945453674106,-0.702270792319407
0.371311833402125,-0.749373534610511
0.301219257672679,-0.776924398394733
0.2267245966292,-0.799589656664409
0.151293508968383,-0.814460122612082
0.0733523474211783,-0.828731997448304
-0.00606457048009951,-0.83261672389842
-0.0813628432837482,-0.830267913717726
-0.157874739650514,-0.820329142500155
-0.226417702947568,-0.802413598754311
-0.304213267227621,-0.780423348129586
-0.372669490047367,-0.75043571007026
-0.441514581061288,-0.710439994482937
-0.503872124831967,-0.667796083454006
-0.561565610109814,-0.616661772315707
-0.61609832929132,-0.565006698844937
-0.665694723312235,-0.501312383335395
-0.710773007252548,-0.442611228559194
-0.750726452085177,-0.373048354773923
-0.777281183380126,-0.300404150787507
-0.799107708237542,-0.226306162451777
-0.815240878703037,-0.150329592823367
-0.828527921702894,-0.0731169397692059
-0.830446356559028,0.00952525788803113
-0.825531472626094,0.0814148196596916
-0.818694267708144,0.159582922648997
-0.799213601963688,0.228874941086695
-0.780423348129586,0.304213267227621
-0.75043571007026,0.372669490047367
-0.710439994482937,0.441514581061288
-0.667796083454006,0.503872124831967
-0.613766754132198,0.562688817947383
-0.562599502549608,0.615169402949458
-0.501520950569748,0.667251978240945
-0.442611228559195,0.710773007252548
-0.372508908373984,0.748644606746826
-0.304883762013177,0.780349038183336
-0.229573813916451,0.804348798095049
-0.155640692786558,0.821814493428013
-0.0790590512835656,0.83305249591535
-0.00566241550269389,0.832339230736257
0.0797016856133028,0.828478011623173
0.154029647318081,0.818269460203677
0.22890652550838,0.80477158223595
0.307151748070015,0.777742831546871
0.375888499566929,0.743658631937235
0.443142365760322,0.70597089876357
0.503017139301026,0.659119300551561
0.563117281150746,0.613191480822138
0.614721685749096,0.557386656375941
0.660450578718048,0.496422326259149
0.702270792319408,0.439454536741059
0.749388020654213,0.37133453487226
0.77396525527711,0.302427625630599
0.802999996395817,0.224944966506718
0.821882737578098,0.154391019230773
0.759337953045529,0.108220687307463
0.751473484056914,0.0367057947996
0.766547114061722,-0.03313142850676
0.742403364491524,-0.101916490369079
0.72848289008453,-0.173204251945374
0.730835573817811,-0.24857400955629
0.685688315116752,-0.307513554080827
0.665379979363635,-0.380765225361435
0.615673882399482,-0.43022416789705
0.586867245133213,-0.493220378182471
0.527489183603921,-0.532744615600948
0.482746033486768,-0.586470775131982
0.415118292127726,-0.61089282371959
0.374204644030417,-0.674941804367278
0.30393482891249,-0.686245236270619
0.245725309778553,-0.725273788713801
0.173737060687927,-0.723697455790546
0.0958479150111667,-0.740885809543672
0.0256780369002287,-0.764148394687453
-0.0420284858029816,-0.744910676041093
-0.112388853707466,-0.756610853594889
-0.1770343596125,-0.730505289937066
-0.248391646702772,-0.730659700969647
-0.305246743352825,-0.689285200011282
-0.374143351396293,-0.675648160030358
-0.425012974586183,-0.622835354738842
-0.490252182507704,-0.591484818621167
-0.530994331880119,-0.532601114896548
-0.589072028445744,-0.494453980252879
-0.619047783782655,-0.42693205081748
-0.673569199119342,-0.377187809958057
-0.686741157622311,-0.306123922123604
-0.724103532147329,-0.243847571752746
-0.725065833778699,-0.170390499072073
-0.740151163544662,-0.095578103135796
-0.763568361149285,-0.0284754819033948
-0.744910676041093,0.0420284858029814
-0.756305217641349,0.112680897535754
-0.730505289937066,0.1770343596125
-0.730659700969647,0.248391646702771
-0.689285200011282,0.305246743352825
-0.675648160030359,0.374143351396293
-0.622812291803873,0.425121391086207
-0.592968882428363,0.490358943149263
-0.532601114896549,0.530994331880119
-0.493292364919778,0.590209093235856
-0.42693205081748,0.619047783782655
-0.377187809958057,0.673569199119342
-0.30770031281844,0.689141290666781
-0.249556579489241,0.729669357569775
-0.176923993735277,0.730087801633597
-0.107114663925221,0.763654817543112
-0.0368295728737024,0.75091454511519
0.0331265623946252,0.766551010526959
0.10188743877712,0.742407381207875
0.173194938322755,0.728486433842039
0.24857400955629,0.730835573817812
0.306899765135323,0.685684059672457
0.378406689475281,0.666215362576363
0.428236969539873,0.614874987227111
0.492917254440183,0.58680835509268
0.533892245708087,0.527412574969081
0.588563344183883,0.483363362792051
0.61089282371959,0.415118292127726
0.674941804367278,0.374204644030418
0.68624523627062,0.30393482891249
0.727938440691623,0.246001473374326
0.732066269944559,0.174704255374754
0.0164156649759802,-0.672577107590194
0.0224137847773227,0.672162259598037
-0.671539400618249,-0.0170090891049592
0.672407376219737,-0.0221850951834702
0.328686177198042,-0.584091272333292
-0.330691225712204,-0.588600705737153
-0.587569260130701,0.331296395042897
0.332727352256735,0.586889277659125
0.584091272333292,0.328686177198042
-0.331323551119562,0.590104401939642
-0.587089300371007,-0.332324276223984
0.582650726276753,-0.334797843753672
-0.51958157137486,-0.436332121010761
0.51694874549039,-0.436942334408167
-0.432931084211556,0.517806158007382
0.43616080549176,0.517611367917152
-0.634954846098313,-0.218668322860681
0.634954846098313,-0.218668322860682
-0.634541020702309,0.218291691795392
0.641503351821738,0.21705306704596
-0.217820444127924,0.639580825370883
0.222296960563729,-0.635099777778987
0.218668322860682,0.634954846098313
-0.22221547485924,-0.640782972813511
0.666288733372318,0.0955401976078523
-0.0956297576903419,0.666341904195832
-0.646107547417535,-0.119313808733281
0.118973953452177,-0.649340797276663
0.649258932176573,-0.120493359861795
-0.103798861608792,-0.666572884445185
-0.662723135214778,0.103051474320382
0.120626755786928,0.649319525175121
0.339216566585924,0.459420399521163
-0.338799037280675,0.466198345274272
-0.46125119421122,-0.33892398931395
0.459420399521163,-0.339216566585924
0.429122392586433,-0.517894960893736
-0.521202860164507,0.432173629133789
0.517524863718425,0.427416188667069
-0.431685778881658,-0.521438911726783
0.0552969413860808,-0.572177788157956
-0.0429578487250679,-0.578891792574659
-0.0395657381342248,0.569858465625524
0.0594328516104895,0.567796294409189
-0.572169577314102,-0.0595052583804663
-0.575783441365443,0.0412023172449639
0.566766269798457,-0.0604581363928024
0.570782617422502,0.0400512533729193
0.243898773040868,-0.52225526437581
-0.248288937904398,-0.530269756132027
-0.515978352147594,0.246619233893862
0.519356549436762,0.243004875652683
-0.546378817235535,-0.155264598355924
0.553289560351558,-0.148762604291597
-0.551124518782447,0.147982733203207
0.554555768555722,0.14323530444805
-0.14471705741283,0.563390940106276
0.151589935313441,-0.556324769975341
0.150079494521052,0.552922478818743
-0.145283354192467,-0.556568905758646
-0.337272127749494,-0.467035273780173
-0.467035273780173,0.337272127749494
0.466451534044343,0.335176438926508
0.329836606839065,-0.47012315317084
-0.517382757402612,-0.243487335816898
0.520264983948017,-0.249053070893539
0.245871112235872,0.522956897810742
-0.244793902205149,0.523333321304711
0.416788646656356,-0.42385563988674
-0.419004825138051,-0.423567891067109
0.42184776056939,0.416847111433851
-0.421681244133074,0.418342242326656
0.261757625336265,0.409306112116166
-0.258253281235077,0.407366837237326
-0.404602254515012,-0.258586606010929
0.406596274999202,-0.262829926667007
0.0898846054030145,-0.478910650245919
2.22044604925031e-16,-0.479601671359273
-0.0855871324201453,-0.476877379286973
0.0038510698742269,0.480795503611606
-0.0877316490477039,0.47137442510515
0.085390889635645,0.469758746543686
-0.468642824619876,-0.090524880583136
-0.486767387470926,-0.00464019776221414
-0.477763957403325,0.0875644311084341
0.481760992636585,-0.00580854502068473
0.471486683711785,-0.090249872145353
0.47137442510515,0.0877316490477039
0.256115894777531,-0.417861666166651
0.173336226742752,-0.457454052013297
-0.261561632640499,-0.41928546471921
-0.173362375368146,-0.457879718778451
-0.447487198647417,0.172305551032306
-0.403357188251261,0.25755456467128
0.404479943928308,0.256082468792215
0.447498016760672,0.171099678898991
-0.43519063423987,-0.173294607382848
0.453460507027203,-0.17271424215952
-0.169457400231614,0.456120032057102
0.176088044746759,0.453055136811951
-0.348084267569648,0.345971685981356
-0.351711176154511,-0.356293658916714
0.350139272094456,0.345867566004381
0.3444861952084,-0.354856059940666
0.245655290364134,0.311333923801818
0.18967625968898,0.370532568442118
-0.184176201590028,0.368745998115555
-0.240338458471901,0.307465735566492
-0.298050270941591,-0.265128826844747
-0.330395488265379,-0.18513329689758
0.366142932984624,-0.191949456848026
0.301702279925338,-0.253385611757202
0.0394966890549767,-0.411661721038157
0.108460425465725,-0.382855891756279
-0.0313244680550303,-0.397912528233778
-0.110385640222976,-0.378850421319947
0.0344050171388594,0.387696994283422
-0.039958498010809,0.409313229439848
-0.110411137744165,0.383335772417275
0.112076925451911,0.382197372497107
-0.364836630597382,-0.107942151513599
-0.39419293557914,-0.031067257845097
-0.412543768024765,0.038174462957388
-0.380725167480363,0.106288075438083
0.391375096707426,-0.0372639468254135
0.4068778870745,0.0365168203374674
0.377632152134283,-0.116360656994788
0.380307285849103,0.106284584034375
0.257586499548129,-0.332185127997373
0.184282726951868,-0.35838725151975
-0.258752917445046,-0.332679934381164
-0.185007841334923,-0.357254475026679
-0.347836883422661,0.180140961766328
-0.298897811914468,0.250600054069818
0.296623457841526,0.248988797085851
0.345100365625552,0.178472495406538
-0.0522502628633507,-0.324992817591221
-0.297864100224877,0.110892149224618
0.117101922775334,-0.28676416995552
0.300792622715168,0.110998571180941
-0.115417240058712,-0.290249346160784
-0.315729035257554,-0.0514302258470626
-0.0369268400178343,0.31511845550793
0.297648969186588,-0.0675192628633674
0.0611286283526982,0.301483145980261
-0.194195644497113,-0.263453333562693
0.247837655169892,0.16707522065108
-0.25265649173839,0.174903648876232
0.198160732152785,-0.267716407969324
0.146143007774336,0.298149393858605
0.292667799789385,-0.152545410618437
-0.136721787602571,0.294197745813228
-0.267557326501861,-0.117172045594863
0.029022752630837,-0.32119432964506
0.31386106801663,0.0289686812114877
-0.310835515847953,0.0284448045024338
-0.0947658185084892,0.226209829910527
0.00275233118823082,0.224987103728979
0.0938630326752903,0.214971562441845
-0.0370869802473667,-0.248165351528756
-0.119515748645198,-0.184809227101027
0.136121954332349,-0.184593741521291
-0.213680835095043,0.0765389113071844
0.221879600630806,0.0698144214006893
-0.241351056047032,-0.0294903143689983
0.216539688250043,-0.021394565613885
0.224109193833341,-0.19348623417303
-0.229276247246934,-0.188097421439805
0.189161911450112,0.225125728800296
-0.195718198218687,0.233206956838418
-0.0536943211552819,0.144455091529081
0.0386574823323067,0.13853733499761
0.126504432291361,0.0127325375349578
-0.174522533014713,-0.108922821923709
0.20362408962812,-0.114805439365127
-0.0179600790661902,-0.148924592644662
0.139881847267726,0.11943851151812
-0.156570931516555,0.153850562247962
-0.0154918438523178,0.061590019742591
0.123444618042172,-0.077056746760705
0.0174792132212096,-0.0359437241537739
-0.0753577363121609,-0.0938348424467322
-0.0647261694820244,-0.0018472690303637
0.0623994487406725,0.059668975400802
-0.109059483170133,0.0714343082445585
0.0591518089528699,-0.128529102547983
-0.147904637066947,-0.0173157198514153
0.0465021064803312,-0.219465584041592
0.990405870841362,-0.138189040820765
0.949073801833954,-0.109365030072862
0.942699271263337,-0.155051522022581
0.844753486144234,0.444093968761027
0.815155097129463,0.405693300104482
0.865554877717466,0.407357818709208
-0.408870986839906,0.865614779572732
-0.446296279078583,0.84815585748966
-0.409408778552736,0.818617370330154
-0.0876123003208317,-0.908295956804601
-0.0636769365444655,-0.87091541864315
-0.105298207060114,-0.867648451879176
-0.403957918597381,-0.914777568593848
-0.365981811178134,-0.885115458818584
-0.408213080035428,-0.86646649315413
-0.372246197344022,0.792360449580026
-0.338696335193581,0.764496822465081
-0.338433624163618,0.808212665298281
-0.565123215633263,0.82500651582416
-0.560360074521762,0.776824088761643
-0.52222478582416,0.802946472724105
0.626137062455177,-0.719593974398765
0.65696235866252,-0.691180715590814
0.609358859676005,-0.67180672324932
-0.769306628739821,0.638879731230356
-0.751074555165688,0.593565450461538
-0.721557401825056,0.629108512193591
-0.138189040820764,0.990405870841362
-0.155101975697549,0.945739386846955
-0.109415483747829,0.952113917417573
0.873630740966611,-0.486589486567609
0.845171306530665,-0.445275904872499
0.822718193837769,-0.485588591480814
0.873630740966612,0.486589486567608
0.822300373451339,0.484406655369342
0.94815511725558,0.317807919382222
0.900531619293463,0.326370727719412
0.915222045122224,0.282542989092638
0.519647988295803,-0.799388549663121
0.477605818745109,-0.771535076733107
0.484341691031689,-0.822393568416433
-0.317807919382223,-0.94815511725558
-0.282232956895791,-0.914048371035372
-0.326060695522565,-0.899357945206612
-0.84815585748966,-0.446296279078583
-0.818278345687569,-0.407957170539589
-0.865275754930147,-0.407419378826759
-0.57313281128801,-0.660852633331716
-0.544286068649086,-0.686419788900866
-0.53271886747089,-0.642228927884856
0.775204908409875,-0.560201282850796
0.726517953504407,-0.55051919265467
0.749315318516054,-0.592972347781462
0.486589486567608,-0.873630740966612
0.444029004423374,-0.844846681109328
0.825006515824159,-0.565123215633265
0.801327292372337,-0.522065994153193
0.40395791859738,-0.914777568593848
0.406766954487957,-0.864853183334695
0.364535685630663,-0.883502148999148
-0.914777568593848,-0.40395791859738
-0.8839247205946,-0.365188109969464
0.405037471545578,-0.814546597711786
-0.775797079158671,0.40975178041939
-0.730437852276599,0.407092035554327
-0.75579922136501,0.444174325926351
-0.486589486567609,-0.873630740966611
-0.446296279078584,-0.848155857489659
-0.486608965686898,-0.825702744796764
-0.560353082288961,-0.777005503691796
-0.55137586953327,-0.730526114154898
-0.593677225221897,-0.751522883884624
0.138189040820765,-0.990405870841362
0.154286166299117,-0.942697306447432
0.108599674349398,-0.94907183701805
-0.40395791859738,0.914777568593848
-0.366639717982612,0.884263745237185
-0.769306628739822,-0.638879731230355
-0.721671632537323,-0.629512369578211
-0.751188785877955,-0.593969307846158
-0.638879731230356,-0.769306628739821
-0.62922028695395,-0.722005730543992
-0.914777568593848,0.403957918597381
-0.884817124275971,0.366166922536846
-0.866168158611518,0.408398191394141
-0.873630740966612,-0.486589486567607
-0.825702744796765,-0.486608965686898
-0.778462969218542,0.481767214588416
-0.73310374233647,0.479107469723353
-0.875463700929931,-0.247957907690917
-0.831631639204352,-0.257641285166677
-0.842939769963121,-0.216622784976017
0.638879731230355,0.769306628739821
0.592920725548333,0.749187764328677
0.628463787280386,0.719670610988045
0.522153905553557,0.801456047344574
0.486584798115362,0.82396270957197
0.482354843086536,0.775171715570098
-0.482442898695873,-0.778583591104576
-0.522217793591358,-0.803127887654258
-0.802766539723611,-0.52220089896077
-0.778222243173928,-0.482426004065285
-0.707106781186548,-0.707106781186547
-0.659302198581247,-0.692610943290632
-0.69191590123053,-0.65999724064135
-0.660312977483031,0.691987019642624
-0.616137330988534,0.674682428975896
-0.629564914947195,0.721663376073531
-0.949957055979004,0.110815606386557
-0.951536663633523,0.0702566778637673
-0.905767616823841,0.0887168392280949
-0.898187288319227,0.326152026912833
-0.850553214534055,0.331022999798514
-0.228928713018745,0.973443190101806
-0.241239859799302,0.926477173754126
-0.196283838061327,0.937049669718519
-0.973443190101806,0.228928713018746
-0.936958249288193,0.197082558949249
-0.9263857533238,0.242038580687224
-0.808803199310193,0.337625581325074
-0.765429529099923,0.338441378637494
-0.79380938028053,0.371853692734947
-0.707106781186547,0.707106781186548
-0.692926680132314,0.659373316993341
0.0462271414393828,0.998930954267783
0.0208569174299839,0.956493484829077
0.0670346399410984,0.95435653622342
-0.630326073828284,0.603847445246186
-0.588183128340903,0.58892911044842
-0.604742448036989,0.630087737747223
-0.408750871748258,-0.819469083911553
-0.565123215633265,-0.825006515824159
0.138189040820765,0.990405870841362
0.109362853159829,0.94907394141364
0.155049345109548,0.942699410843023
0.0840420480786983,0.907704374848374
-0.0462271414393824,0.998930954267783
-0.0674062762713538,0.955799695231762
-0.0212285537602396,0.957936643837418
-0.167657384837209,0.899812014918023
-0.282543778974365,0.916184664817739
-0.250143166376051,0.880829788853199
-0.825702744796764,0.486608965686898
-0.803007265768224,0.521542109483901
-0.486589486567608,0.873630740966612
-0.486608965686898,0.825702744796765
0.914777568593848,-0.403957918597381
0.88338655790861,-0.366740161158454
0.864737592244156,-0.408971430015749
0.638879731230355,-0.769306628739822
0.590594000723124,-0.749111127739396
0.228928713018746,0.973443190101806
0.196632603099866,0.936873078493597
0.241588624837841,0.926300582529204
0.998930954267783,0.0462271414393826
0.955815890958487,0.0674430070606465
0.957952839564144,0.0212652845495322
0.718486077585934,0.626460647245788
0.691838510655563,0.659051630870501
0.671356621501238,0.611771716674595
0.56028919425116,0.775333663382112
0.550555481821905,0.726519154289267
0.880249257570254,0.250717063590357
0.926859262166696,0.241814546895336
0.77379844486366,-0.481270725051624
0.973443190101806,-0.228928713018746
0.936873086697459,-0.19663438337043
0.926300590733066,-0.241590405108405
0.565123215633264,0.82500651582416
0.990405870841362,0.138189040820764
0.944986169974209,0.155336654993541
0.951360700544826,0.109650163043822
-0.138189040820765,-0.990405870841362
-0.110794507929355,-0.950377546414656
-0.156480999879074,-0.944003015844039
-0.0844663149969548,0.912187509860648
-0.990405870841362,-0.138189040820764
-0.943262673438981,-0.15420051545938
-0.949637204009599,-0.108514023509661
0.486589486567609,0.873630740966612
0.446272111507048,0.846415822264865
0.814755632042584,-0.408488847522494
0.707106781186547,-0.707106781186548
0.689576061311803,-0.658567012941531
-0.998930954267783,0.0462271414393828
-0.95367361223918,0.0240789553526527
-0.973443190101806,-0.228928713018745
-0.924301940703683,-0.240289939948936
-0.934874436668076,-0.195333918210962
0.707106781186548,0.707106781186547
0.65922480800628,0.691665333519783
-0.0240597615115865,0.874106259205547
-0.0607580794020224,0.874462891795093
-0.0423607333931297,0.832695863325804
0.217261126344707,-0.843287616057314
0.189009052798791,-0.807024889638245
0.179545582514299,-0.85072284903115
0.366649191259563,0.884354614405257
0.326771370515107,0.900215609551997
0.332124612123504,0.852119025896109
-0.482449890928675,0.778402176174423
-0.675516115217112,0.614741267745239
-0.873630740966611,0.486589486567609
-0.848155857489659,0.446296279078584
-0.81917074936894,0.40893598310697
-0.895160068459605,-0.165806004748675
0.0827056400049681,-0.907782346746328
0.0664614106777986,-0.954436612516965
-0.317807919382222,0.94815511725558
-0.326371517601139,0.901494238988978
-0.331715285932586,0.853306786165019
0.0607077602366353,0.870732490640663
0.103035973455366,0.865449895830883
0.167953519287747,0.896595447689168
-0.169835179387236,-0.897984223914464
-0.143554155243497,-0.862679066270391
-0.184155763794253,-0.855634300144229
-0.330746557049533,-0.852022205964052
0.72293628154041,0.546145409092757
0.679227383574828,0.537801529654516
0.704159476683629,0.50476620569739
-0.182239969993773,0.8564683956088
-0.141058107629994,0.865158112737236
-0.371668581376235,-0.794107714823142
-0.40975178041939,-0.775797079158671
-0.250631114665978,-0.878602075070191
-0.21842724544278,-0.846676528271306
-0.258621572170766,-0.834339145553195
0.328271947815055,-0.849348586453666
0.325032211835556,-0.898297635515662
-0.399578162991238,-0.6492417573846
-0.352417288554248,-0.632124432883755
-0.377852100149193,-0.605718030237997
0.565123215633264,-0.82500651582416
0.557783276993405,-0.773266165700658
0.545722839738942,-0.724375020018532
-0.990405870841362,0.138189040820766
-0.943582525408386,0.156502098336276
-0.897563733049128,0.169856228363858
-0.94815511725558,-0.317807919382222
-0.898303384116153,-0.325136178766371
-0.912993809944914,-0.281308440139596
0.911450488714627,0.0847377250822404
0.914678656229954,0.000265304759982425
0.956725816665811,-0.02099997978955
0.896595316313344,-0.167957476471344
-0.409671489582699,0.774901527496954
0.973443190101806,0.228928713018745
0.937431758131089,0.196858525157361
0.899440886457846,0.168466751229236
0.875144574883806,0.0232399017741342
0.873917551985473,-0.019025362564948
-0.197082608429829,-0.936958249717877
-0.638879731230355,0.769306628739822
-0.594021853215142,0.751180529414163
-0.551727489759318,0.730002344754283
0.998930954267783,-0.046227141439383
0.954588868060154,-0.0671777023006644
0.907936567105422,-0.0841872873512972
0.82500651582416,0.565123215633264
0.772935324035367,0.557882261556609
0.799057707997829,0.519746972859007
0.771111040102721,0.477769767645966
-0.859394591966774,-0.13750109741023
-0.821884400202965,-0.111723266296286
-0.866038113466702,-0.0988947708831497
-0.849776906649609,-0.329028339084671
-0.674619567027594,-0.615769048777868
-0.63048108250606,-0.605630309342972
-0.660236813812853,-0.575145438279833
0.750528732330648,-0.44393792325225
0.769353057874449,-0.410790095999189
0.724692443876006,-0.409934696872196
-0.228928713018746,-0.973443190101806
-0.242038630167804,-0.926385753753484
-0.822173363353448,0.297610685701061
0.769306628739821,-0.638879731230355
0.719798165175422,-0.628515409513515
0.670406259746967,-0.613341861013353
0.33449733964142,-0.805738749165943
0.294993865846314,-0.820534235682456
0.536026986296231,-0.679152086570705
0.568189725868291,-0.657018403819575
0.52568314869586,-0.63595050833301
-0.337440469966362,-0.809101533852805
-0.338441378637494,-0.765429529099923
-0.955266642839447,-0.0198194155754664
-0.908940255078627,0.00425953977718625
0.440877029111028,-0.748405443902913
0.405383185071593,-0.725822163464959
0.40680567744156,-0.771956815048465
-0.77594245016613,-0.409941212782668
-0.793062347606616,-0.371064312530844
0.228928713018745,-0.973443190101806
0.240719064228915,-0.924408812584442
0.195763042490941,-0.934981308548835
0.166320779868391,-0.894701573348816
0.403957918597381,0.914777568593848
0.408880460116857,0.865705648740803
0.40939408425815,0.816968204273431
-0.94815511725558,0.317807919382223
-0.912877714147988,0.282324288286059
-0.877431417753123,0.250722396575666
-0.829487139130961,-0.0317958409405874
-0.79604814142609,-0.0507962108363003
-0.797007358854157,-0.00947511200768182
-0.573994385501153,0.659764094178131
0.476183326375142,-0.725400425149601
0.248283065040082,-0.875564824210199
0.257746535324574,-0.831866864817294
0.317807919382222,-0.94815511725558
0.281204473208782,-0.912988061344423
-0.192146221299041,-0.811371370627233
0.878978209141174,-0.251029330552047
0.847770505151308,-0.219227435016762
0.835979582545016,-0.260716427749616
-0.907040795454702,-0.0821557165740131
-0.869530603690894,-0.0563778854600694
0.850754602145479,-0.332351347975322
0.821220772623128,-0.300602626339649
0.804788088233725,-0.34043565103007
-0.000371636330255692,0.914430128666495
-0.998930954267783,-0.0462271414393826
-0.95312969423379,-0.0659971380865805
-0.40782896622879,-0.693044077256648
-0.433263777823735,-0.66663767461089
0.831430614007305,-0.037883677002763
0.870964695353453,-0.0608582740169148
-0.82500651582416,-0.565123215633263
-0.776644155761149,-0.560336187658372
-0.72983066821758,-0.551651057526943
0.0990981255488729,-0.865574784347858
0.0569598618772735,-0.870939559846774
0.657074005731995,-0.573501016451748
0.626851901868376,-0.603552619879764
-0.658956795521026,0.573582640446436
0.369543627506143,-0.791963317273832
-0.480338469812566,0.733209455677155
-0.444722649675304,0.755965727749815
0.899819242298013,-0.326907136468033
0.454319350625763,-0.634488507401865
0.488133221305284,-0.622277483108061
0.448932162807247,-0.598681799425786
0.729137830865216,-0.48041532592463
0.94815511725558,-0.317807919382223
0.914509668126774,-0.283079397841259
-0.0462271414393829,-0.998930954267783
-0.0229955149025916,-0.955781461784287
-0.0691732374137059,-0.953644513178631
0.219221651393222,0.847770348787846
0.181783212298073,0.85451928777171
0.19146808641323,0.811520521219814
-0.614781924093503,-0.675648707094366
0.914777568593848,0.40395791859738
0.88420384338192,0.365126549851914
0.852284264614239,0.330201327920161
0.788919343587941,-0.374485621142439
0.869126717468403,0.103146868204464
0.873581907882064,0.0609397122212888
-0.260510449733782,0.83744303900593
-0.298165423782145,0.825443159050074
-0.267228787964814,0.792348918139193
0.790013068633262,-0.268800730804364
0.769306628739822,0.638879731230355
0.748003230926566,0.590917585513735
0.250891784328557,0.879374568191296
0.260576658443714,0.8363758016394
0.613948033844973,0.67236797776757
-0.057944312078634,0.79198352051527
-0.0212459941881981,0.791626887925724
0.339577090468987,0.80700043114812
0.341520123818472,0.760700731742053
0.373945466217444,0.789958331343302
0.854518539002601,-0.181789942837518
0.811519912406443,-0.191477040035087
0.864439017939532,0.140667950148095
0.826570437106969,0.116869937287143
0.0462271414393825,-0.998930954267783
0.0202836881666843,-0.956573561122622
-0.00271182673590708,-0.912355022906909
0.317807919382223,0.94815511725558
0.282943631888332,0.914906035380757
-0.870489821118961,-0.0150567866314509
-0.868896790518694,0.0288415842966682
-0.770153356240868,-0.16036004594772
-0.732608498661681,-0.132984301103934
-0.77769602112385,-0.122953847979581
-0.82500651582416,0.565123215633264
-0.776884881805762,0.559677398181503
-0.729957163549928,0.550588410665454
-0.532060226559678,0.641210690595202
-0.527945933734693,0.602689248092657
-0.497406657744763,0.6287305357384
0.0676948092140787,-0.660958952433429
0.087135447419129,-0.61075929271731
0.0358563031810305,-0.622377447874075
-0.603214722915307,-0.631457846078357
0.771870863105222,0.40688199251428
0.792672254678454,0.370145842462462
-0.444174325926351,-0.755799221365009
-0.479783153830811,-0.733224364222503
0.336265545537402,-0.763148966502622
0.138068706322475,-0.858438846929747
-0.733029522676661,-0.480314582949176
-0.755965727749815,-0.444722649675304
-0.866439348552227,0.0647863651824984
-0.864859740897708,0.105345293705288
0.599015022075634,-0.628605145011624
0.585682768060662,-0.58876430045002
-0.40756006846659,0.729708806999687
0.856884606096412,0.182189820311914
-0.827988914592561,0.0454700387738613
0.629715370159981,0.600874678337625
0.656362937090352,0.568283694712912
0.573152147134912,0.656782368028984
0.603913167860807,0.628777090560723
0.444964050704331,0.751824638280532
0.480533158142527,0.729317976053136
0.510470544912879,0.705892176947132
0.473079752530674,0.682545099657566
-0.851006355195868,-0.178634500161812
-0.807174293470289,-0.188317877637572
0.018025709678637,0.872663100197205
0.588919483449921,0.585289068599039
-0.730749729668862,-0.407829791666558
-0.710490380706504,-0.509665160337276
-0.688233865282391,-0.471961805947295
0.790610345311814,0.131305853269118
0.795298044840685,0.0937847713254878
0.8358060184608,0.258195236147189
0.847443235505272,0.217466793949887
0.637586132233572,0.526904491317545
0.681360685518728,0.467938431500104
0.72506958348431,0.476282310938345
0.112322928194781,-0.821596060030193
0.761676637965662,0.336881080251429
0.717816628462416,0.337634681892375
0.730105245773865,0.303181227271544
0.797512435718503,-0.0564240084807449
0.754475239276623,-0.0675239594379194
0.785440560933405,-0.0908165394119043
0.557178214368567,-0.51298249689171
0.551907995311801,-0.465081356295319
0.522218964547156,-0.484843475004558
0.299699269724532,0.82286142629486
0.268029136789197,0.791257206891411
-0.239565196702846,0.767009077832412
-0.213240286612259,0.729878579601686
-0.203248903825864,0.767218299864323
0.804960871989903,0.335692387841631
-0.689118038968471,0.472693352946627
-0.666626143143405,0.433317986073748
-0.64530418762894,0.464496757959087
-0.764003817732651,-0.336726252780715
-0.806339713254091,-0.334742210537636
-0.588831969700567,-0.590834235580322
-0.762086771008121,-0.198348330761925
-0.861441138438733,0.144429345199941
-0.85481686231854,0.185009805812914
-0.822112870167119,0.120498871154344
-0.711781786822004,0.510286241608693
-0.808953934835916,0.194228931867846
-0.845076529446311,0.219655815031763
0.0370196350553045,0.830408621179715
0.337623331157307,-0.717809385440565
0.302577043292584,-0.731584817332676
0.748312248937819,0.44094199344868
0.725829406486811,0.40539453580666
0.75938551406559,-0.342736899506765
0.601642514966489,0.520375009583996
0.624506961450965,0.4898928445256
-0.68597146018193,0.544174293888728
-0.640781418793102,0.533280471389675
-0.219206530558719,0.847735547942318
-0.192607253351505,0.813081645761531
-0.265315485087595,-0.791418473441948
-0.23740467482517,-0.766536649861979
-0.276302456965196,-0.755541524549616
-0.0260278001426412,-0.872089823733498
-0.0437137068819238,-0.831442318808073
0.788482625836463,0.263686296068658
0.750951847984366,0.274214549502462
0.76546921854372,0.235473219940522
0.520295960877344,-0.600143800356931
-0.102767286878498,0.870777113980905
-0.117349872035062,0.827433494671682
0.68562404884792,-0.411923874743346
0.640526930881559,-0.405494696629243
0.660771000365843,-0.436653346011153
-0.543455109511223,0.685805381823874
0.706599318139152,-0.510549573517157
0.680709728245331,-0.543320638447823
0.68332960560614,-0.473216771717784
-0.692171103185945,-0.409899519258625
-0.664910395517601,-0.434771639688337
-0.646308491450998,-0.402059930387768
-0.630382482941185,0.497115533990615
-0.607890587116118,0.457740167117735
0.543102076210052,0.679746277893696
0.533067210225886,0.636155390686849
-0.603367818280281,0.526523880548323
-0.562784998662456,0.510676637514691
-0.573183934514373,0.546841574913751
-0.119618791467131,-0.825298528108941
-0.718733804853744,-0.339586138448763
-0.732011170501219,-0.303264036455555
-0.649230225917116,0.39963237124125
-0.63160871008053,0.352719873219595
-0.605190775967287,0.378208893064552
0.162515284828155,-0.769078789201314
0.134792487849547,-0.732291632667109
0.123570711989775,-0.777672966077877
-0.509793330817843,0.711448941171354
-0.472066089564471,0.689012492746746
0.238740267532335,0.767803578026881
0.277862878813152,0.754289202682341
-0.407092035554327,-0.730437852276599
0.860344723568479,-0.140207081489669
0.432198887515817,0.566243177572131
0.380482160898304,0.600882132443118
0.384444078874248,0.552250322788139
-0.472693352946627,-0.689118038968471
-0.464442549709075,-0.645315719096424
0.63715537036674,-0.533531397314235
0.263971927150939,-0.788257027529571
-0.297519354310793,-0.823344020240833
0.140199954307755,0.860345620121136
0.116865666465692,0.823373735913425
0.730471286914063,-0.308100241737612
0.753044916264592,-0.278630469475343
0.708261944467282,-0.278043781818558
0.812441366986957,0.189667992868746
0.767533133170188,0.199824610940736
0.776974503761328,0.164547637302763
0.307025756602669,0.731713445609664
0.277736887345806,0.708259816745134
-0.464226500693614,0.6431498810118
-0.434771639688337,0.664910395517601
-0.787678516300061,0.0257768718455062
-0.754239518595189,0.00677650194979329
-0.0366079864565096,0.669252081896934
-0.0675977479122833,0.618100184910678
-0.00857597667845103,0.621010362611781
0.503216262566511,-0.703307124531967
0.46648747293243,-0.680177491701774
-0.685035010823311,-0.543298280525062
-0.640896526301777,-0.533159541090166
0.865449629127254,-0.103045601789112
0.82337285181651,-0.116878068155286
0.832820803637582,0.0416490448963584
0.497967196870604,0.622963827822121
0.465627054420449,0.636997143889336
0.460577111990028,0.600841671159896
0.33597195942133,0.523154838590144
0.387688686038842,0.488515883719158
-0.717553880883767,-0.022742285504177
-0.708225038329671,0.0125096983490111
-0.820718376775644,-0.294690279334542
-0.788194445808834,-0.263355156619642
-0.831568490270499,0.259941522630598
-0.789818475046637,0.266544104157158
0.704448374391721,-0.378776047490285
0.755405718551222,0.0724632410535313
0.791365810346377,0.0580273250715564
-0.685586690598117,-0.144852153902677
-0.680010339938506,-0.194529410966377
-0.640531196757924,-0.168991065796981
-0.0240465281415405,-0.788763699969757
-0.0616956645433649,-0.78758929487941
0.0172514029266346,-0.872881923071832
0.0336438884705394,-0.830674360673362
-0.602585178868532,-0.529730339548908
-0.62738337587899,-0.497883181794137
-0.166282343260918,0.775951147530805
0.745702111495044,0.141462471341108
0.163612292820418,0.773377947022858
0.201050731915567,0.766629008038994
0.634169520696753,-0.321155698917249
0.660321580607533,-0.263090938470754
0.608802786187533,-0.276733083307177
-0.37340642072183,-0.713041935050309
0.1279585430476,0.780338420705776
0.137541188549938,0.735446907524957
-0.642371253547445,-0.464122217076438
-0.590666831666924,-0.186966460608303
-0.576168801750463,-0.231077829338789
-0.531880787319074,-0.199375967086411
-0.51096192571615,-0.711902408708038
0.623829169006644,-0.498285698746391
0.600193446493308,-0.528466076750315
-0.340104610596212,0.718892948706804
-0.37484835916602,0.711106902933084
-0.342444061388248,0.681355244893062
0.411337117607635,0.770668504867364
0.409515432663625,0.724814765350403
0.542667535935921,-0.573280720591414
0.505117608545345,-0.559607695366465
0.341394132351126,0.714671345804846
0.821288647901446,0.296936565709129
0.0137320734459657,0.799445120631608
0.056414124003964,0.797514511075066
0.688606298343343,0.406829590385738
0.656581808019499,0.427286414434392
0.642917314043434,0.394661468079072
0.561227794945985,0.505387968880566
0.525708554713256,0.477414381818075
0.553044103951154,0.45538977572956
0.00980673321006462,-0.798382559292937
-0.00817522445137642,-0.754529535364273
-0.13513179667899,-0.788469998047522
-0.144711606659983,-0.743558071765978
-0.167454549631507,-0.775417216218611
-0.719860455040771,0.338958116700096
-0.68246668002082,0.339695047374559
-0.713041935050309,0.37340642072183
-0.785221074333593,0.0617216527313365
-0.750692357763727,-0.272125861270126
-0.761605620192435,-0.235076867102262
-0.764936651466668,0.238633293894733
-0.755541524549617,0.276302456965196
0.800465292350524,-0.0145910970287781
0.79292847734812,0.0203275146244019
0.78033565537463,-0.127978019112461
0.735443127288027,-0.137560371157226
0.773375418171133,-0.163621899900608
0.342653227305302,0.67594971112441
0.377147594521105,0.704936997256799
-0.429931567514518,0.568426970895019
-0.460112207868629,0.604628438509255
-0.463111724565667,0.554007625621619
0.570504415728663,-0.548228195459554
0.0495151921607035,-0.796440196067878
0.635671701218819,0.455770309193437
0.712164912510746,0.372769589451339
-0.277220170751209,0.755009197876556
0.682895209958062,-0.233621166208486
0.759010299059318,0.00178718314641998
-0.0662296652820221,0.708628224655511
-0.0719721183994617,0.757284681329151
-0.101372210807781,0.714998360869472
-0.201726031280034,-0.766459444345688
-0.212713003157636,-0.730582495453356
-0.712147825602259,-0.37511808236599
-0.596243182326535,-0.137289203544603
-0.559274197274819,-0.107384928368195
-0.609138562365819,-0.0894095335568735
0.680593520318949,0.339069736471454
0.707091838481121,0.274968151143408
-0.790918345133722,0.097047858597723
-0.787499742674747,0.136131910092376
-0.750607946841221,0.0773546916693679
0.629516538350285,0.35144541061423
0.635168254301956,0.316310503055266
0.599728083951737,0.449240827459888
0.638232487639779,-0.46678759360368
0.372758238716271,-0.712157669488894
0.339069736471454,-0.680593520318949
0.714602542268279,-0.34215021184998
0.675534147240194,-0.344139389721131
0.200230828658563,-0.761643556227477
0.35144541061423,-0.629516538350285
0.316310503055266,-0.635168254301955
0.729659231951171,-0.210889130750832
0.681718868091422,-0.195936287403028
-0.19962491723587,-0.685644131375288
-0.140416610610646,-0.698539087191126
-0.163007168234016,-0.653677928629348
-0.638427230070991,0.318271569197861
0.427286414434393,-0.656581808019499
0.566311313944936,-0.433583251152609
0.599162304338117,-0.382511005825361
0.549799735883571,-0.385870089080919
0.548504763429416,0.57030202789561
0.574306965728591,0.542399615672511
-0.70542234488482,-0.274985746938175
-0.743405253789208,0.144857628574127
-0.774599778822605,0.168308641130748
-0.703816905627936,0.0725399800616817
-0.667131267916514,0.0430211926077114
-0.573546330585719,-0.548803906870743
-0.560033180162932,-0.513527547574714
-0.497062153669835,-0.629640451037586
-0.525908896308759,-0.604073295468437
-0.680155178370827,-0.34165586604083
0.236224953203877,-0.762431722689105
0.20973118523324,-0.724485622252174
-0.764859445950377,0.202954650349598
-0.730582495453356,0.212713003157635
-0.343441652425162,0.406085015627814
-0.303168774402363,0.376669261609341
-0.298526159257876,0.436782591255799
0.612797312077515,0.272869622122001
0.663874294046179,0.260493947979225
-0.734854274070434,0.304730005290223
-0.709972450490465,0.276819195027798
0.455934213036601,-0.552182868012859
0.422120342357079,-0.564393892306663
-0.183749414525854,-0.598675939286079
-0.196786146048433,-0.543419330945336
-0.235252206381819,-0.585526364472769
-0.57200757598419,0.428647510109998
-0.557085871296435,0.461266286141526
0.767803726186481,-0.23874427088531
0.528017267795465,0.599999917957409
0.513404750074135,0.557110465030881
0.146355507070052,-0.686519126533605
0.198017010625828,-0.679398616784766
0.170635457007953,-0.642220287527825
-0.233688511808582,0.684625091470329
-0.1973722189316,0.68483431350224
-0.525287951627489,-0.484466617953655
-0.554326799910302,-0.46539305063182
-0.00185150523953859,0.758732777821074
-0.00720789404818983,0.711538402356613
0.0277701735859739,0.719356635062498
0.273472283725616,-0.751099093554267
0.274830069345522,-0.70575951249221
-0.693129355481099,-0.107445955934538
-0.724584682963014,-0.207119035412409
-0.304730005290223,-0.734854274070434
-0.338958116700096,-0.719860455040771
-0.339695047374559,-0.68246668002082
0.319813558696029,0.636286668665791
0.355567020866008,0.626552320117744
0.435689667650097,0.660422942995341
-0.630329249745174,-0.35475604309102
-0.636915228996659,-0.319224099173794
-0.276819195027798,-0.709972450490465
0.624015352820194,-0.357781534557553
-0.784339542623778,-0.0843475214525009
-0.751859762346974,-0.0620267925195954
0.730002355318091,0.21035286437454
0.68472089625668,0.231527270210143
0.686784810883148,0.195878661210357
-0.658823474017892,-0.06816144891912
-0.621854488966176,-0.0382571737427128
0.485026525599924,0.522511971443117
0.476842834605093,0.47251377829211
-0.457632578546944,-0.607160086680004
-0.402059930387768,0.646308491450998
-0.379127800968521,0.604576092861149
-0.354255680538809,0.631836800529492
0.406829590385739,-0.688606298343343
0.394661468079072,-0.642917314043434
-0.13137767835589,0.792734655485563
-0.0930868576043934,0.798353656729231
-0.142019328830249,0.746871309588354
0.688870911130552,-0.146848805903584
0.642106889137443,-0.169580841361239
0.601270563766347,-0.461722273039761
-0.603068542076831,-0.379628163520732
-0.0968758484956069,-0.793439383656308
-0.0772086697552236,-0.750760764817991
-0.61102207323466,-0.275496299542333
-0.660848001860312,-0.262396122492143
-0.661913110356796,0.261769217574108
-0.611055140416505,0.274794043419144
-0.546279970994967,-0.574631443606128
-0.510623257193912,-0.562042966758857
0.76662738431984,-0.201059392079852
-0.679529189122821,-0.231257947306714
-0.27862844615384,0.709405324118278
-0.262760378473182,0.664361058018832
-0.274571997623743,0.614842613655263
-0.288058726662355,0.556718861622177
-0.231307173166536,0.581457073337797
0.210884473939522,0.729661003829925
-0.575259686424952,0.232455462844627
-0.592832769742378,0.183137212499299
-0.533551435465021,0.197300983548534
-0.42834937673392,-0.572137133232812
-0.381188502296931,-0.555019808731968
-0.554386060147604,0.381735012088343
-0.547600308723078,0.573081867414789
-0.512946739908164,0.560601712557987
-0.306292037415808,0.734745164425059
-0.317968984532515,-0.638942952874218
-0.263731109106033,-0.665034086412397
-0.276453350285722,-0.614691839275332
0.0846001312161725,-0.784808903495988
0.0607629759556977,-0.752517102115563
0.0210468509381045,-0.718362751138824
-0.0128064104135007,-0.708743891815644
-0.696614212575922,0.140042916966441
-0.648632077958543,0.160671583057887
-0.682523155319687,0.197663025703946
-0.6040599061142,-0.460693015535179
0.708881108714616,0.0661229962037261
0.712813343208924,0.101880442457658
-0.693044077256648,0.40782896622879
-0.409899519258626,0.692171103185945
0.719477245140729,-0.0276582618451151
0.70740537035563,-0.0620507927762745
-0.682600360835978,0.233341669249081
-0.569314677578757,-0.43163208591412
-0.319511931969001,0.639622846303212
0.169647539323805,0.642137185636717
0.13535312515399,0.601121001996932
0.184373908690867,0.593938662458528
0.410774527617801,0.686093130669967
0.403321829507577,0.640545174901737
0.0907945621952114,0.785442696415524
0.0675070005858726,0.754479195867417
0.195931630591719,0.681720639970176
0.233621166208486,0.682895209958062
0.186943447938585,-0.595712273877164
0.135281944382809,-0.602832783626002
0.371902234662884,-0.597492048026441
0.597492048026441,0.371902234662884
0.107410934231672,-0.695113303410168
-0.235303560781006,-0.685721336891579
-0.705845282081456,-0.0562935961203776
0.521035562898958,-0.337007205169798
0.551457855112385,-0.291925457323605
0.48984269173459,-0.294134818739731
0.564208843719008,0.421267240397397
0.711940430138325,0.00726034980806486
0.669348054796027,0.036677551212191
0.61853567539741,0.0677957254903858
0.621594996821119,0.00893307909472454
0.275491568880886,-0.609595525056139
0.286292475119455,-0.553173268354551
0.233097866802298,-0.578677521077398
0.699177501658439,0.135122226491303
0.653896042597028,0.156296632326906
-0.0921413977735273,0.5666247028659
-0.116224353230267,0.517382682605713
-0.0636486935909643,0.520616445365337
-0.553335435872933,-0.384328198617373
0.292543839410898,0.491188648665952
0.253814368786069,0.466131504963454
0.300487095961094,0.434363255818665
-0.460968980694681,-0.556461865173975
-0.709514176428064,0.107866185928068
0.263115894738109,-0.660672507024803
-0.072913673705887,-0.705741780243139
-0.0436915983164061,-0.66957499601769
0.550808068025859,0.378051182932555
-0.623661420991846,0.0120966140700023
-0.573976509339773,-0.00915147056775117
0.234011135171141,-0.680186783246394
0.0561317899935735,-0.706731458566933
0.262784043998002,0.660319452885385
0.275697837558708,0.610922061878719
-0.291796469742912,0.494765833289492
-0.251523591720113,0.465350079271019
0.551723910885027,0.285845526425363
0.58042995062925,0.230028971349322
-0.382127317665559,0.553955279973512
-0.385865060746116,0.492002251640827
-0.335061294200118,0.528151373606957
0.577609915023165,-0.23386069687711
-0.136276875712809,0.698214852914714
-0.156725100909133,0.652961364783358
-0.108093857658129,-0.711591869020037
0.104756173065771,0.560359386613966
0.0724118706230673,0.518777520476437
0.117735192078348,0.511340612681215
-0.49041638279304,-0.387628055162356
-0.524170247291114,-0.335624132768967
0.297897281229295,0.328600744903099
0.27113937410283,0.280161360443834
0.323381364967991,0.297428181545116
-0.606923826998613,0.125517103761794
0.111257097282024,0.695863453191498
0.146910847054841,0.68890297950858
0.695831148334048,-0.111204925115437
0.660833154198155,-0.0713392275226327
-0.482766099554052,0.524400244943751
0.0621506117772214,0.707284820402956
0.0715202702821252,0.660740892386579
0.197975303378462,0.537939688314742
0.232269717548277,0.578955871954527
-0.289490081808301,-0.55943523093459
0.286867689939967,-0.496189208773325
0.292976250808298,-0.443992409668746
0.2500073339092,-0.470058465271231
-0.527302266955437,0.334284261396196
-0.49411906697234,0.384722878441642
0.478305788095177,-0.525319788247342
0.378904284892238,-0.550993116613514
0.464539029965972,0.552209861504916
-0.425422193449339,0.214930057851793
-0.397662041035039,0.176223256399317
-0.375597035836961,0.218847763218804
-0.333981676730849,-0.527817989758663
-0.292780532826946,-0.4986525149561
-0.12454110790063,-0.611570895101916
-0.471442052148791,0.425257935730222
-0.444358258956624,0.377807185038075
0.473035569038411,-0.477418647650951
0.488184572505776,-0.388079450497045
0.34467791934019,0.402643982762772
0.30594844871536,0.377586839060274
0.525271403188817,0.331931308062275
0.492904041740553,0.289090657289596
0.438104523088759,-0.381536103236332
0.466868696073373,-0.430398987147453
0.422955519621394,-0.470875300390238
-0.526901987530528,0.481583980506954
-0.477066972188032,0.474989893570586
0.491988198881384,0.381296313796788
0.469686312143908,0.42213165005046
0.444149647306866,0.37601177518018
-0.481340055380889,-0.527020013311666
-0.475633675128259,-0.478885516368772
0.00993355673813237,0.568827380017356
0.0409233181939061,0.619979277003613
0.373312626747711,-0.44698939652879
0.379479499712749,-0.494009057032288
0.61042225096402,0.119387751027951
0.562669192989112,0.0916432789104845
0.594122203224935,-0.18371546357614
0.536777272149788,-0.198907837592568
-0.427306164172315,0.468074200167019
-0.380240140706875,0.442270293800464
0.197744354177155,-0.539290017175575
-0.481732775397506,0.209462392463084
-0.459667770199428,0.252086899282571
-0.194755479808989,0.543362130705493
-0.181268750770377,0.60148588273858
0.435465738986325,0.295629453859361
0.461918246682535,0.249543672222449
-0.507510820927706,-0.12289473946953
-0.520406200966989,-0.0750150694818011
-0.551773806139148,0.28895781446838
-0.491506812963884,0.291945680821678
0.103443438349761,-0.564251279066648
-0.0132710918745438,-0.625734450082426
0.00616954633050643,-0.575534790366307
0.329261392018554,-0.527107212752066
-0.469293198256456,-0.429950006038935
-0.440128009674636,-0.381245940190529
-0.425345302009855,-0.472503401396946
-0.120173407551586,0.614866422151054
0.59802956018873,0.180144185747005
0.536956158996242,0.193120090050366
-0.254925285272449,-0.474777610425618
-0.210825656636272,-0.494074737455239
-0.217462004004322,-0.43858259174883
0.42598898034449,0.213591073845603
0.483427283098717,0.207052277275837
-0.299416880194997,-0.443160369249691
-0.306636404397505,-0.387789561817962
-0.344491651952002,-0.411664466348443
0.163083769633905,0.502988807815347
0.210979578491315,0.488006017311346
0.619586823009097,-0.0413216157881363
0.608012600987515,-0.0904757481272987
0.568774443610479,-0.0102034415099415
-0.0733783551669302,-0.622732338509922
-0.0941206014587675,-0.567730349166653
0.601274246264065,-0.134627982076696
0.560027915075007,-0.1046103703422
0.501026892658197,0.157167491673521
-0.378138476443773,-0.445301582423641
-0.385358000646281,-0.389930774991912
0.380532163577657,0.438133755477507
0.429004283030575,0.467229239675502
-0.384478953315576,-0.494237092753478
-0.490784725737702,-0.164279602869386
-0.451916729429873,-0.131909743982992
-0.0214789243625338,-0.529246731966966
-0.0427935662100725,-0.478239525323123
-0.0642724905726066,-0.527884585930816
0.401953297364782,-0.347036313263295
0.433008337260182,-0.301023246626465
0.375541235103801,-0.308842993303836
0.380637420932378,-0.389355849913703
-0.619253288290111,0.072126895782673
-0.563453980073945,0.0945925252240852
0.0276484706930405,-0.525889729758614
-0.260157275042773,-0.375982699550187
-0.305232046799778,-0.344486796648939
-0.489316975806916,-0.291205662565424
-0.432926724363116,-0.29875529766244
-0.460992505958812,-0.251036970913913
-0.529468482392514,-0.0320727280713402
-0.531275414418185,0.0182810597413749
0.0900298036987086,0.608557909792155
-0.40755977067491,0.341621906865425
-0.384882755851361,0.382156964154006
-0.499305858714932,0.160144142117756
-0.157087228822222,0.509755486081689
-0.128594524639659,0.463747228581126
0.289299232246303,0.554923087734933
0.385993516331923,0.381357338719116
0.218922835041512,0.431180624464059
-0.367498871390196,-0.221859951454254
-0.351326262728302,-0.261857716427838
-0.314222879603485,-0.225131061871164
0.120737270358228,-0.51761771011063
0.0725907733945476,-0.525544219201937
-0.55223602888681,-0.287905806020441
0.0449423027015073,-0.479256160802596
0.0646906472289956,-0.445286185642038
0.0197483445274885,-0.445631696198715
0.512388122031672,-0.119506238218475
0.462473595369494,-0.131482057152436
0.503375033689381,-0.160738423225559
0.512965096830436,0.115483476747877
0.521078521263826,0.0638914512103116
0.20861749989181,-0.489854658194554
0.162463081028097,-0.506889410994319
0.131610416072883,-0.468182351129608
-0.0419402895867385,0.476084964358378
-0.0638450735292564,0.440343827272499
-0.018053714068291,0.445054366525727
-0.207125651218381,0.489726676680907
-0.406481185182866,-0.347608824115332
-0.378156715334761,-0.307440132463822
-0.159322864780306,-0.507224312268548
0.214726060760142,-0.437657859089974
0.463430629473609,-0.255941498780273
-0.419896444377441,-0.215940606696889
-0.382793061252624,-0.179213952140214
0.476567708870867,0.0409615520135096
0.526271805029543,0.0171213541761173
-0.435196231015717,0.297413346210387
-0.375720727910455,0.301763125326318
0.519126476755121,-0.0753540042690777
-0.223284736987711,-0.388269969872944
-0.221880379389984,-0.344967204703921
-0.526773699384384,0.064383374176699
-0.514444238092886,0.11777358215582
-0.462625578025371,0.12993499107037
-0.213855340733346,0.431743434647214
0.459436220932911,0.129415663973348
-0.294211363020774,0.326718710773924
-0.249295869853489,0.357416286401909
0.2537064578502,0.360320017958992
0.337161401023733,-0.412489606555753
0.300301044992966,-0.386358863053658
0.182882152217869,0.411793852627035
0.225716942512623,0.389919340279142
0.130739467191202,0.461406941677819
-0.429244562441844,0.0969262532732588
-0.41410618306389,0.139296813235195
0.352618082362028,-0.0041476328069629
0.305755018601609,-0.0192752908259399
0.344512032947007,-0.0523916048443904
0.0316419607423582,0.524295899010397
0.044620979754936,0.475277125077646
-0.364281025451512,0.143214518602206
-0.0979863863215606,-0.42786390030346
-0.0584558002375878,-0.437394953760375
-0.0708550541390032,-0.388381474776862
-0.477705106045401,-0.0475825391726751
-0.482265672437126,0.04146211667311
0.35414927746227,-0.258107769212104
0.386369603991913,-0.227389691757516
0.333922606454981,-0.222667534302614
0.424559417923034,-0.10330526457007
0.415546329580743,-0.144537449577154
-0.34761605943138,-0.146537724205589
-0.400013632418626,-0.140618379448224
0.323094237566869,-0.304120835848934
-0.323491039742058,0.298285870025587
-0.269618135193185,0.279032894818155
0.430028391013202,-0.217772084413263
0.409801720005914,-0.182331849503773
0.413902651304887,0.138692131466683
0.425840855477126,0.0970081165410395
0.408295403069399,0.340522002465445
0.377309608011382,0.300975017398298
-0.431417880099508,-0.0607960692141165
-0.416739727608629,-0.0992335160483676
-0.379514783088261,-0.0695047046793481
-0.015662234027515,-0.438757099796525
-0.147293669667096,0.376040885266415
-0.1604489945963,0.331471871964392
-0.123566462673368,0.338766759115252
0.0191280435065431,0.434246248947514
0.0598979533872522,0.428727870413554
-0.115435243306306,-0.51672314252281
-0.129474753894145,-0.467378549032712
-0.246122957719352,-0.26429108020372
-0.211735945872024,-0.225775377501249
-0.263663259094262,-0.226613124142276
0.431430890209606,-0.0637569094853832
0.384503624420854,-0.0768123019101006
0.217408600907123,0.268229826301057
0.242892684645819,0.237057262943073
0.220199310864699,-0.388124458843201
0.17880947684731,-0.407920651766524
-0.0178573341299989,0.525326984618565
-0.476286695821241,-0.208390971599873
0.48686274548761,-0.210883656526529
0.524263631217521,-0.0331333407067436
0.476623838174185,-0.0480292085830188
0.393592586461801,0.0714007021859213
0.347084176932866,0.0676266326229314
0.360369477545565,0.0327427507744775
-0.14769674077895,-0.368052448173313
-0.112901440140844,-0.334549883740366
-0.150212540696817,-0.323751910593732
0.0732409712953849,0.384947183390264
0.0987339075437778,0.425978059520396
-0.156855696571156,-0.22413128033186
-0.174395997946066,-0.186453324270416
-0.141874007795561,-0.418365070049199
0.37479015477693,0.217277482099376
0.396299191193112,0.174786087152765
0.439126156089825,0.0621242346925857
0.444319439855542,0.0153541376583913
0.436568044672005,-0.0215362459230491
-0.212257330030965,0.338105866841024
-0.221214741412553,0.388056417676441
-0.00277674043597481,0.398505111861635
-0.247308005066578,0.241903505454118
-0.275777151826429,0.212751851473025
-0.224187344978539,0.204055302857325
-0.33929463385262,0.108590112331351
-0.345780341664158,0.0673664399702586
-0.304349808036415,0.0696684768635258
-0.139934268987889,0.419727902237189
-0.0990713933959342,0.427355098761212
-0.0751848178774868,0.396324500928562
0.140898326104239,-0.420154971884788
0.0991725154343698,-0.430883271001099
0.146371576208796,-0.370621571638015
-0.176816800910821,0.412433015086329
-0.291643180879708,-0.0843011357209627
-0.254454191274446,-0.0733311799819306
-0.278540045652293,-0.0404602701080304
0.399126491890963,-0.00037356324397303
0.11278117412053,-0.3348100308559
0.0730623377030857,-0.30397924980029
0.068741589048281,-0.352025110700669
0.279644389736734,-0.292785369877287
0.301036347378264,-0.343520593969019
0.25685119716283,-0.375023397082012
0.220934613249998,-0.345286189758562
0.371887542559454,-0.154155056921407
0.362703825737328,0.142378539720457
-0.449655577747845,0.0167671325975869
-0.445153862714045,0.0628694470329111
-0.396634467752564,0.0722312691977357
-0.440480161525033,-0.0178537278036556
-0.403368351801952,0.00355360255614551
-0.179185108351534,-0.407567096902565
-0.0417873654591905,-0.361452672912499
-0.00115085771209666,-0.359553428939419
-0.0116137551162568,-0.32309357361814
-0.324880723548051,-0.310711242880731
0.144082485099335,0.417626254654529
0.150876592570445,0.376364970469612
-0.278401594193318,-0.298904380612956
0.0739785572603509,-0.397258806397218
0.0342597208429068,-0.366428025341608
-0.351127500082865,0.254077309370549
-0.323367347668565,0.215370507918073
0.297185039857362,-0.202965511187819
0.258388496811363,-0.173015822395733
0.26290573687934,-0.223435922965116
-0.188530123037236,0.30083174068986
-0.354960985418347,-0.0412487418460798
-0.313282275552754,-0.0114927106723144
-0.352514225713546,-0.0013112266713316
0.00408611049997321,-0.404787124635967
-0.221039929758287,-0.113047433759286
-0.207936794530872,-0.0692065681463535
-0.340282832927468,-0.0796861886803309
-0.316196978549621,-0.112557098554231
-0.279835867756156,-0.186615359168692
-0.322850491823769,0.145516555495473
-0.275260295981633,0.142897899050425
-0.300246687580526,0.17752230532128
-0.248416786874397,-0.152634733517334
-0.29897640738362,-0.151152671246221
0.217665775026557,0.340933246121968
-0.22647428097108,-0.298066633971929
0.227873615850457,-0.299950767983348
0.191221729552326,-0.313051829744537
0.335149975961834,-0.134453033806612
0.329405366387004,-0.172247433733231
0.350551700884917,0.252535632939033
0.320861911733539,0.213730646246195
-0.0460067436601292,0.225598466819753
-0.0742300698318855,0.185332460719804
-0.0254709949835255,0.18472109762903
-0.189601742916018,-0.310353904294686
0.195899149069235,0.304741658830211
0.167652459612224,0.26163756132945
0.272230556505709,0.208032008868465
0.296469010397722,0.172773858028809
-0.154806442277913,-0.276851339861739
0.0477668227457788,0.344590070131842
0.0866027769023043,0.341840259238684
0.265200378133336,0.00378705779880134
0.257094328718315,-0.0444569142386262
0.167909633731658,0.334340981150361
-0.276093285947492,-0.000522754933282243
0.129109966613123,0.340173383177856
-0.0868243138102026,0.304658100660579
-0.0736689888809994,0.349227113962603
-0.218028328345294,0.270336346202455
-0.11574380305553,0.260203787861878
-0.0658463292631618,0.270664142709229
0.340549954282136,0.108641577607658
0.307326845365899,0.0699836261962142
0.103635818063517,0.299816269919433
0.167141343242567,-0.226155074745308
0.211134962993063,-0.230601321071177
0.180115574082845,-0.189039987847161
-0.361689641936359,0.0333096337299109
0.32294649417036,0.14473553329374
0.27431513894253,0.13903689591601
0.337640560660435,-0.0919399599290776
0.295158384487986,-0.110032336740902
-0.0813179515431633,-0.351921619455584
-0.0838337514610313,-0.307621081876002
0.249931506039062,-0.260551009863263
0.250636529407354,-0.0911623511142473
0.210081888939082,-0.068100002489506
0.120003020224813,0.256560478150225
0.141512472062701,0.22004864562107
-0.166219992910629,0.263702351325823
-0.0384426690143216,0.362215842473889
-0.00126091143948748,0.351407724895676
0.0121008941674319,0.308300800744096
-0.25577246765996,0.0937155302659011
-0.233168663416717,0.125721280091708
-0.262258175471498,0.0524918579048091
0.150692324863601,-0.322575710737635
0.15763132746406,-0.277240288962422
0.267870334323718,0.0493915513060885
0.219209644440425,0.0242099278934022
-0.145242008363588,0.229708393374472
-0.204613711627473,0.164377105562097
-0.176144564867621,0.19352875954319
0.234858627900349,0.118444821025884
0.261336111672987,0.090406496290815
0.126611938553842,-0.235678955738406
-0.00751841941148759,0.141496213263345
0.0207049067602688,0.181762219363295
-0.0170872544148017,0.270052779618455
0.0319404797704645,0.26323512485462
-0.00403211380826485,-0.284679840586908
-0.0446686215553587,-0.286579084559988
0.0377624295555841,-0.270329956843326
0.00470756311648224,-0.233815467785174
-0.147019140829956,-0.146866024512368
-0.201899390130823,-0.148510121681757
-0.227515945571038,0.023524298469093
0.218499783310002,0.196100474725688
0.0115828192399944,0.100063677370101
0.0234538024441773,0.0606294975716965
0.0505284655364896,0.099103155199206
0.0818020146278328,-0.253114876998556
-0.125668375012522,0.190030196079244
-0.117466494351955,-0.237529286630906
0.0483076819317605,0.219979333085412
0.0662602575037985,0.176754448719727
-0.185125883305799,0.115194736777573
0.0913120304063401,-0.202029662781442
-0.105132626335919,0.149152826888521
0.0774958305139942,0.258227354211053
-0.0762521101530393,-0.26920734884477
-0.0783013644462824,-0.216487289314891
0.164521879358919,0.172282120159208
0.193859751218809,0.1432568660846
0.0892696648000164,0.128987923257865
0.116872439971508,0.167205036979982
0.0704619156316908,-0.0565002354572394
0.0383155110870397,-0.0822364133508784
0.0912982134975209,-0.102792924654344
0.213866641730731,-0.154145836769079
0.169873021980235,-0.149699590443209
0.174192016461084,0.0412734794678236
0.171522060270702,-0.00433101403946357
0.169992153146108,-0.049225656187295
0.163534353835146,-0.095931093062916
-0.16121358504083,-0.063119270887562
-0.194627846556989,-0.0234030171102068
-0.0974367424786796,-0.139322034773879
-0.124940134663437,-0.10137883218522
-0.0275235296567785,-0.198544972086709
-0.0687379138556942,-0.166866909872844
-0.000240432922490319,-0.0924341583992177
-0.0289392615454757,-0.0648892833002531
-0.0466589076891756,-0.121379717545697
0.0205958649433398,-0.138726847596322
0.0142710137070705,-0.184195088343127
0.0528269577166005,-0.173997343294788
-0.132815207343344,0.11264243524626
-0.0813769021627074,0.10794469988682
0.248145944708752,-0.133675424991782
0.180880723949266,0.0946264664594046
0.133193139779544,0.0660855245265389
0.101140648004199,0.0895537434594609
0.0944519405160168,0.0362007564678799
0.124974525166767,-0.0321621046128736
-0.106315403274485,-0.00958149444088952
-0.0868928263260786,0.0347935196070974
-0.12848206011854,0.0270592941965716
-0.111631186689554,-0.0555752811490738
-0.0700419528970926,-0.047841055738548
-0.0345930825037999,0.103022555635836
-0.0622756635112254,0.0665121639935748
0.129783286187261,-0.130825244140998
0.0719918227562854,-0.011605593309408
-0.161370159132588,0.0739866097758715
-0.180792736080995,0.0296115957278845
0.0976368816426094,-0.156561422034637
0.000993684684445884,0.0128231477944086
-0.0401090066671711,0.0298713753561137
-0.0236234781304074,-0.0188954965920688
0.039939330980941,0.011862625623514
